title,company_name,location,reward,link
Flutter/AOS 앱 개발자,에임(AIM),지역 한국,합격보상금 100만원,https://www.wanted.co.kr/wd/2448
Flutter 개발자 (Co-Founder),포디(FODI),지역 한국,합격보상금 100만원,https://www.wanted.co.kr/wd/247722
[삼쩜삼] Platform Mobile Engineer(Flutter),자비스앤빌런즈(삼쩜삼),지역 한국,합격보상금 100만원,https://www.wanted.co.kr/wd/245953
[앱] Flutter 개발자,에이아이커넥트,지역 한국,합격보상금 100만원,https://www.wanted.co.kr/wd/245250
신규 플랫폼 Flutter 개발자(3년 이상),포캐스크이엔엠,지역 한국,합격보상금 100만원,https://www.wanted.co.kr/wd/243231
[신입] Flutter 앱 / Node.js 개발자,인졀미,지역 한국,합격보상금 100만원,https://www.wanted.co.kr/wd/210056
모바일(Flutter) 앱 개발자,블룸컴퍼니,지역 한국,합격보상금 100만원,https://www.wanted.co.kr/wd/246757
Flutter 개발자 (5년 이상),알서포트(Rsupport),지역 한국,합격보상금 100만원,https://www.wanted.co.kr/wd/240100
Flutter/AOS 앱 개발자,에임(AIM),지역 한국,합격보상금 100만원,https://www.wanted.co.kr/wd/2448
Flutter 개발자 (Co-Founder),포디(FODI),지역 한국,합격보상금 100만원,https://www.wanted.co.kr/wd/247722
[삼쩜삼] Platform Mobile Engineer(Flutter),자비스앤빌런즈(삼쩜삼),지역 한국,합격보상금 100만원,https://www.wanted.co.kr/wd/245953
[앱] Flutter 개발자,에이아이커넥트,지역 한국,합격보상금 100만원,https://www.wanted.co.kr/wd/245250
신규 플랫폼 Flutter 개발자(3년 이상),포캐스크이엔엠,지역 한국,합격보상금 100만원,https://www.wanted.co.kr/wd/243231
[신입] Flutter 앱 / Node.js 개발자,인졀미,지역 한국,합격보상금 100만원,https://www.wanted.co.kr/wd/210056
모바일(Flutter) 앱 개발자,블룸컴퍼니,지역 한국,합격보상금 100만원,https://www.wanted.co.kr/wd/246757
Flutter 개발자 (5년 이상),알서포트(Rsupport),지역 한국,합격보상금 100만원,https://www.wanted.co.kr/wd/240100
[계약직] Flutter / node.js 개발자,인졀미,지역 한국,합격보상금 100만원,https://www.wanted.co.kr/wd/238403
Flutter 앱 개발자 (3년 이상),에픽코퍼레이션,지역 한국,합격보상금 100만원,https://www.wanted.co.kr/wd/243987
Flutter 개발자,알피,지역 한국,합격보상금 100만원,https://www.wanted.co.kr/wd/244388
Flutter 앱 / Node.js 개발자,인졀미,지역 한국,합격보상금 100만원,https://www.wanted.co.kr/wd/210107
Flutter 개발자,코보시스,지역 한국,합격보상금 100만원,https://www.wanted.co.kr/wd/99737
Flutter App 개발자,제네시스네스트,지역 한국,합격보상금 100만원,https://www.wanted.co.kr/wd/232666
모바일 앱 소프트웨어 개발 (Flutter / iOS / Android),블록체인랩스,지역 한국,합격보상금 100만원,https://www.wanted.co.kr/wd/138923
Flutter 개발자 (병역특례_현역/보충역),넛지헬스케어(캐시워크),지역 한국,합격보상금 100만원,https://www.wanted.co.kr/wd/168259
렌탈 서비스 개발 프로젝트 Flutter 개발자 (고급),이그레브,지역 한국,합격보상금 100만원,https://www.wanted.co.kr/wd/226388
Flutter 모바일 개발,버터플라잉,지역 한국,합격보상금 100만원,https://www.wanted.co.kr/wd/215084
"프론트엔드 / 모바일 (Vue, Flutter) 엔지니어",드래프티파이,지역 한국,합격보상금 100만원,https://www.wanted.co.kr/wd/220132
Flutter 앱 개발자,플랙스뉴럴랩스,지역 한국,합격보상금 100만원,https://www.wanted.co.kr/wd/247312
React Typescript / Flutter 개발자,에이로직,지역 한국,합격보상금 100만원,https://www.wanted.co.kr/wd/226170
프론트엔드 개발자 (React-native / flutter),아파트멘터리,지역 한국,합격보상금 100만원,https://www.wanted.co.kr/wd/165183
플러터 개발자,안전집사,지역 한국,합격보상금 100만원,https://www.wanted.co.kr/wd/247020
"Flutter, iOS 앱 개발자",에임(AIM),지역 한국,합격보상금 100만원,https://www.wanted.co.kr/wd/227977
[삼쩜삼] 수익화 Mobile Engineer(Flutter),자비스앤빌런즈(삼쩜삼),지역 한국,합격보상금 100만원,https://www.wanted.co.kr/wd/241351
클라이언트(flutter) 개발자,스쿨버스,지역 한국,합격보상금 100만원,https://www.wanted.co.kr/wd/201909
앱(Flutter) 개발,어플레이즈,지역 한국,합격보상금 100만원,https://www.wanted.co.kr/wd/246638
Flutter 개발자 (FE),위이,지역 한국,합격보상금 100만원,https://www.wanted.co.kr/wd/243102
프론트엔드(web/플러터) 엔지니어(판교),피플밤,지역 한국,합격보상금 100만원,https://www.wanted.co.kr/wd/246363
